"","meanGpa","total","numReported","year"
"1",3.5525,5,4,2007
"2",3.42166666666667,9,6,2008
"3",3.67384615384615,18,13,2009
"4",3.65153846153846,17,13,2010
